{
  "properties": {
    "connectionReferences": {
      "shared_excelonlinebusiness": {
        "runtimeSource": "invoker",
        "connection": {
          "connectionReferenceLogicalName": "new_sharedexcelonlinebusiness_62f27"
        },
        "api": {
          "name": "shared_excelonlinebusiness"
        }
      },
      "shared_commondataserviceforapps": {
        "runtimeSource": "embedded",
        "connection": {
          "connectionReferenceLogicalName": "cr3ab_sharedcommondataserviceforapps_4f79e"
        },
        "api": {
          "name": "shared_commondataserviceforapps"
        }
      }
    },
    "definition": {
      "$schema": "https://schema.management.azure.com/providers/Microsoft.Logic/schemas/2016-06-01/workflowdefinition.json#",
      "contentVersion": "undefined",
      "parameters": {
        "$connections": {
          "defaultValue": {},
          "type": "Object"
        },
        "$authentication": {
          "defaultValue": {},
          "type": "SecureObject"
        }
      },
      "triggers": {
        "manual": {
          "metadata": {
            "operationMetadataId": "2fe3efb2-a09b-441b-8e85-6089cfd391ec"
          },
          "type": "Request",
          "kind": "Button",
          "inputs": {
            "schema": {
              "type": "object",
              "properties": {},
              "required": []
            }
          }
        }
      },
      "actions": {
        "List_rows_present_in_a_table": {
          "runAfter": {},
          "metadata": {
            "01IU24KPKXTTX65YKA6RG2XSWYDEYBFESD": "/invoices_last3months_simple_approval.xlsx",
            "tableId": "{4BF410D6-476F-4945-A66F-89BC9B5B0FB3}",
            "operationMetadataId": "cf153deb-a622-44b8-b824-5a19564e7294"
          },
          "type": "OpenApiConnection",
          "inputs": {
            "host": {
              "connectionName": "shared_excelonlinebusiness",
              "operationId": "GetItems",
              "apiId": "/providers/Microsoft.PowerApps/apis/shared_excelonlinebusiness"
            },
            "parameters": {
              "source": "me",
              "drive": "b!lW1p5vyxRkWF3Ny-i6Pjc030CEWNscBLv1vmAJbC05oOGPQ7kZmSRKevapj4mar-",
              "file": "01IU24KPKXTTX65YKA6RG2XSWYDEYBFESD",
              "table": "{4BF410D6-476F-4945-A66F-89BC9B5B0FB3}",
              "dateTimeFormat": "ISO 8601"
            },
            "authentication": {
              "type": "Raw",
              "value": "@json(decodeBase64(triggerOutputs().headers['X-MS-APIM-Tokens']))['$ConnectionKey']"
            }
          }
        },
        "For_each": {
          "foreach": "@outputs('List_rows_present_in_a_table')?['body/value']",
          "actions": {
            "Add_a_new_row": {
              "runAfter": {},
              "metadata": {
                "operationMetadataId": "1bce38dd-7d8a-4a62-a677-2156b165aa00"
              },
              "type": "OpenApiConnection",
              "inputs": {
                "host": {
                  "connectionName": "shared_commondataserviceforapps",
                  "operationId": "CreateRecord",
                  "apiId": "/providers/Microsoft.PowerApps/apis/shared_commondataserviceforapps"
                },
                "parameters": {
                  "entityName": "cr61e_invoices",
                  "item/cr61e_invoiceamount": "@items('For_each')?['Amount']",
                  "item/cr61e_approvalraiseddate": "@items('For_each')?['ApprovalRaisedDate']",
                  "item/cr61e_approvalreceiveddate": "@if(equals(items('For_each')?['ApprovalReceivedDate'],''), null, items('For_each')?['ApprovalReceivedDate'])",
                  "item/cr61e_approvalstatus": "@items('For_each')?['ApprovalStatus']",
                  "item/cr61e_invoicedate": "@items('For_each')?['InvoiceDate']",
                  "item/cr61e_invoiceidentifier": "@items('For_each')?['InvoiceId']",
                  "item/cr61e_vendorname": "@items('For_each')?['VendorName']"
                },
                "authentication": {
                  "type": "Raw",
                  "value": "@json(decodeBase64(triggerOutputs().headers['X-MS-APIM-Tokens']))['$ConnectionKey']"
                }
              }
            }
          },
          "runAfter": {
            "List_rows_present_in_a_table": [
              "Succeeded"
            ]
          },
          "metadata": {
            "operationMetadataId": "e69e42ce-16e2-4709-beb7-53dc55dea9f3"
          },
          "type": "Foreach"
        }
      }
    },
    "templateName": ""
  },
  "schemaVersion": "1.0.0.0"
}